,ID,Artista_original,Artista_similar,Coincidencia
0,0lAWpj5szCSwM4rUMHYmrr,Ke Personajes,La T y la M,1
1,0lAWpj5szCSwM4rUMHYmrr,Ke Personajes,Banda XXI,0.708899
2,0lAWpj5szCSwM4rUMHYmrr,Ke Personajes,Ráfaga,0.594358
3,0lAWpj5szCSwM4rUMHYmrr,Ke Personajes,Damas Gratis,0.589788
4,0lAWpj5szCSwM4rUMHYmrr,Ke Personajes,Los Palmeras,0.527664
5,0lAWpj5szCSwM4rUMHYmrr,Ke Personajes,Nestor En Bloque,0.489649
6,0lAWpj5szCSwM4rUMHYmrr,Ke Personajes,Mario Luis,0.487348
7,0lAWpj5szCSwM4rUMHYmrr,Ke Personajes,Big One,0.483090
8,0lAWpj5szCSwM4rUMHYmrr,Ke Personajes,Jambao,0.481756
9,0lAWpj5szCSwM4rUMHYmrr,Ke Personajes,Leo Mattioli,0.454463
10,0lAWpj5szCSwM4rUMHYmrr,Ke Personajes,Yerba Brava,0.397117
11,0lAWpj5szCSwM4rUMHYmrr,Ke Personajes,Agrupación Marilyn,0.393259
12,0lAWpj5szCSwM4rUMHYmrr,Ke Personajes,La Delio Valdez,0.388412
13,0lAWpj5szCSwM4rUMHYmrr,Ke Personajes,Los Del Fuego,0.387304
14,0lAWpj5szCSwM4rUMHYmrr,Ke Personajes,Maria Becerra,0.348244
15,0lAWpj5szCSwM4rUMHYmrr,Ke Personajes,Repiola,0.345234
16,0lAWpj5szCSwM4rUMHYmrr,Ke Personajes,La Champions Liga,0.343976
17,0lAWpj5szCSwM4rUMHYmrr,Ke Personajes,Alan Gomez,0.323787
18,0lAWpj5szCSwM4rUMHYmrr,Ke Personajes,Grupo Red,0.314270
19,0lAWpj5szCSwM4rUMHYmrr,Ke Personajes,Gilda,0.307369
20,0lAWpj5szCSwM4rUMHYmrr,Ke Personajes,MANO ARRIBA,0.285023
21,0lAWpj5szCSwM4rUMHYmrr,Ke Personajes,Los Ángeles Azules,0.279832
22,0lAWpj5szCSwM4rUMHYmrr,Ke Personajes,EL DIPY,0.273717
23,0lAWpj5szCSwM4rUMHYmrr,Ke Personajes,Ecko,0.272160
24,0lAWpj5szCSwM4rUMHYmrr,Ke Personajes,Tiago PZK,0.257553
25,0lAWpj5szCSwM4rUMHYmrr,Ke Personajes,La Base,0.253911
26,0lAWpj5szCSwM4rUMHYmrr,Ke Personajes,La Cumbia,0.252473
27,0lAWpj5szCSwM4rUMHYmrr,Ke Personajes,NENE MALO,0.241877
28,0lAWpj5szCSwM4rUMHYmrr,Ke Personajes,Grupo Sombras,0.228534
29,0lAWpj5szCSwM4rUMHYmrr,Ke Personajes,De la calle,0.220857
30,0lAWpj5szCSwM4rUMHYmrr,Ke Personajes,Callejero Fino,0.204075
31,0lAWpj5szCSwM4rUMHYmrr,Ke Personajes,Los Angeles De Charly,0.201126
32,0lAWpj5szCSwM4rUMHYmrr,Ke Personajes,Los Pibes Chorros,0.200979
33,0lAWpj5szCSwM4rUMHYmrr,Ke Personajes,Jere Klein,0.198869
34,0lAWpj5szCSwM4rUMHYmrr,Ke Personajes,Los Nota LoKoS,0.198423
35,0lAWpj5szCSwM4rUMHYmrr,Ke Personajes,La Joaqui,0.191954
36,0lAWpj5szCSwM4rUMHYmrr,Ke Personajes,La Beriso,0.186216
37,0lAWpj5szCSwM4rUMHYmrr,Ke Personajes,FMK,0.173958
38,0lAWpj5szCSwM4rUMHYmrr,Ke Personajes,Tony Dize,0.172315
39,0lAWpj5szCSwM4rUMHYmrr,Ke Personajes,Rusherking,0.170251
40,0lAWpj5szCSwM4rUMHYmrr,Ke Personajes,Quevedo,0.167773
41,0lAWpj5szCSwM4rUMHYmrr,Ke Personajes,Mala Fama,0.166319
42,0lAWpj5szCSwM4rUMHYmrr,Ke Personajes,Makano,0.163146
43,0lAWpj5szCSwM4rUMHYmrr,Ke Personajes,El Apache Ness,0.159833
44,0lAWpj5szCSwM4rUMHYmrr,Ke Personajes,Khea,0.152884
45,0lAWpj5szCSwM4rUMHYmrr,Ke Personajes,Antonio Rios,0.147515
46,0lAWpj5szCSwM4rUMHYmrr,Ke Personajes,"Tito ""El Bambino""",0.144297
47,0lAWpj5szCSwM4rUMHYmrr,Ke Personajes,R.K.M & Ken-Y,0.143762
48,0lAWpj5szCSwM4rUMHYmrr,Ke Personajes,Piso 21,0.140239
49,0lAWpj5szCSwM4rUMHYmrr,Ke Personajes,Wisin & Yandel,0.128299
50,0lAWpj5szCSwM4rUMHYmrr,Ke Personajes,Angel Y Khriz,0.126569
51,0lAWpj5szCSwM4rUMHYmrr,Ke Personajes,El Jordan 23,0.125753
52,0lAWpj5szCSwM4rUMHYmrr,Ke Personajes,La Repandilla,0.123590
53,0lAWpj5szCSwM4rUMHYmrr,Ke Personajes,Dalex,0.120962
54,0lAWpj5szCSwM4rUMHYmrr,Ke Personajes,J Alvarez,0.120039
55,0lAWpj5szCSwM4rUMHYmrr,Ke Personajes,Daddy Yankee,0.119627
56,0lAWpj5szCSwM4rUMHYmrr,Ke Personajes,Cosculluela,0.118581
57,0lAWpj5szCSwM4rUMHYmrr,Ke Personajes,Conociendo Rusia,0.112385
58,0lAWpj5szCSwM4rUMHYmrr,Ke Personajes,La Noche,0.109180
59,0lAWpj5szCSwM4rUMHYmrr,Ke Personajes,Nicky Jam,0.108989
60,0lAWpj5szCSwM4rUMHYmrr,Ke Personajes,Manuel Turizo,0.107363
61,0lAWpj5szCSwM4rUMHYmrr,Ke Personajes,Los Wachiturros,0.107216
62,0lAWpj5szCSwM4rUMHYmrr,Ke Personajes,Standly,0.106578
63,0lAWpj5szCSwM4rUMHYmrr,Ke Personajes,Myke Towers,0.106191
64,0lAWpj5szCSwM4rUMHYmrr,Ke Personajes,LiL CaKe,0.104668
65,0lAWpj5szCSwM4rUMHYmrr,Ke Personajes,Anuel AA,0.102377
66,0lAWpj5szCSwM4rUMHYmrr,Ke Personajes,FloyyMenor,0.101833
67,0lAWpj5szCSwM4rUMHYmrr,Ke Personajes,Wisin,0.099363
68,0lAWpj5szCSwM4rUMHYmrr,Ke Personajes,Brytiago,0.097860
69,0lAWpj5szCSwM4rUMHYmrr,Ke Personajes,Grupo Uno,0.097710
70,0lAWpj5szCSwM4rUMHYmrr,Ke Personajes,Mc Caco,0.097290
71,0lAWpj5szCSwM4rUMHYmrr,Ke Personajes,Don Omar,0.096934
72,0lAWpj5szCSwM4rUMHYmrr,Ke Personajes,Sech,0.089836
73,0lAWpj5szCSwM4rUMHYmrr,Ke Personajes,Árbol,0.089501
74,0lAWpj5szCSwM4rUMHYmrr,Ke Personajes,Yandel,0.088944
75,0lAWpj5szCSwM4rUMHYmrr,Ke Personajes,Él mató a un policía motorizado,0.088501
76,0lAWpj5szCSwM4rUMHYmrr,Ke Personajes,La Factoria,0.088135
77,0lAWpj5szCSwM4rUMHYmrr,Ke Personajes,Los Angeles Azules,0.084705
78,0lAWpj5szCSwM4rUMHYmrr,Ke Personajes,Zion,0.083937
79,0lAWpj5szCSwM4rUMHYmrr,Ke Personajes,18 Kilates,0.082398
80,0lAWpj5szCSwM4rUMHYmrr,Ke Personajes,Feid,0.081319
81,0lAWpj5szCSwM4rUMHYmrr,Ke Personajes,Louta,0.081305
82,0lAWpj5szCSwM4rUMHYmrr,Ke Personajes,Indio Solari,0.081288
83,0lAWpj5szCSwM4rUMHYmrr,Ke Personajes,Hernan y La Champion's Liga,0.081126
84,0lAWpj5szCSwM4rUMHYmrr,Ke Personajes,"Bad Bunny, Feid",0.080958
85,0lAWpj5szCSwM4rUMHYmrr,Ke Personajes,Villa Cariño,0.076769
86,0lAWpj5szCSwM4rUMHYmrr,Ke Personajes,Yng Lvcas,0.076668
87,0lAWpj5szCSwM4rUMHYmrr,Ke Personajes,tINI,0.075486
88,0lAWpj5szCSwM4rUMHYmrr,Ke Personajes,Ozuna,0.073744
89,0lAWpj5szCSwM4rUMHYmrr,Ke Personajes,Paco Amoroso,0.073076
90,0lAWpj5szCSwM4rUMHYmrr,Ke Personajes,Dani Ribba,0.072313
91,0lAWpj5szCSwM4rUMHYmrr,Ke Personajes,Justin Quiles,0.071830
92,0lAWpj5szCSwM4rUMHYmrr,Ke Personajes,Chino & Nacho,0.070713
93,0lAWpj5szCSwM4rUMHYmrr,Ke Personajes,Jowell & Randy,0.069513
94,0lAWpj5szCSwM4rUMHYmrr,Ke Personajes,Seven Kayne,0.069241
95,0lAWpj5szCSwM4rUMHYmrr,Ke Personajes,Arcangel,0.068103
96,0lAWpj5szCSwM4rUMHYmrr,Ke Personajes,J Balvin,0.066114
97,0lAWpj5szCSwM4rUMHYmrr,Ke Personajes,Skay Beilinson,0.065978
98,0lAWpj5szCSwM4rUMHYmrr,Ke Personajes,Alexis y Fido,0.065892
99,0lAWpj5szCSwM4rUMHYmrr,Ke Personajes,Walter Olmos,0.063926
100,0lAWpj5szCSwM4rUMHYmrr,Ariana Grande,"Jessie J, Ariana Grande & Nicki Minaj",1
101,0lAWpj5szCSwM4rUMHYmrr,Ariana Grande,Sabrina Carpenter,0.901373
102,0lAWpj5szCSwM4rUMHYmrr,Ariana Grande,Madison Beer,0.763817
103,0lAWpj5szCSwM4rUMHYmrr,Ariana Grande,SZA,0.759337
104,0lAWpj5szCSwM4rUMHYmrr,Ariana Grande,Cynthia Erivo,0.748126
105,0lAWpj5szCSwM4rUMHYmrr,Ariana Grande,Doja Cat,0.695204
106,0lAWpj5szCSwM4rUMHYmrr,Ariana Grande,The Weeknd & Ariana Grande,0.631172
107,0lAWpj5szCSwM4rUMHYmrr,Ariana Grande,Tate McRae,0.577845
108,0lAWpj5szCSwM4rUMHYmrr,Ariana Grande,Beyoncé,0.574706
109,0lAWpj5szCSwM4rUMHYmrr,Ariana Grande,Tyla,0.557888
110,0lAWpj5szCSwM4rUMHYmrr,Ariana Grande,FLO,0.501236
111,0lAWpj5szCSwM4rUMHYmrr,Ariana Grande,Victoria Monét,0.473320
112,0lAWpj5szCSwM4rUMHYmrr,Ariana Grande,Olivia Rodrigo,0.472601
113,0lAWpj5szCSwM4rUMHYmrr,Ariana Grande,Brandy & Monica,0.471284
114,0lAWpj5szCSwM4rUMHYmrr,Ariana Grande,Dua Lipa,0.469805
115,0lAWpj5szCSwM4rUMHYmrr,Ariana Grande,Rihanna,0.468653
116,0lAWpj5szCSwM4rUMHYmrr,Ariana Grande,Mariah Carey,0.467860
117,0lAWpj5szCSwM4rUMHYmrr,Ariana Grande,Camila Cabello,0.466526
118,0lAWpj5szCSwM4rUMHYmrr,Ariana Grande,Summer Walker,0.422526
119,0lAWpj5szCSwM4rUMHYmrr,Ariana Grande,Nicki Minaj,0.406039
120,0lAWpj5szCSwM4rUMHYmrr,Ariana Grande,Normani,0.403203
121,0lAWpj5szCSwM4rUMHYmrr,Ariana Grande,Ariana Grande & Nathan Sykes,0.377122
122,0lAWpj5szCSwM4rUMHYmrr,Ariana Grande,Billie Eilish,0.369908
123,0lAWpj5szCSwM4rUMHYmrr,Ariana Grande,Fifth Harmony,0.367006
124,0lAWpj5szCSwM4rUMHYmrr,Ariana Grande,Addison Rae,0.364158
125,0lAWpj5szCSwM4rUMHYmrr,Ariana Grande,Destiny's Child,0.362551
126,0lAWpj5szCSwM4rUMHYmrr,Ariana Grande,Chlöe,0.356047
127,0lAWpj5szCSwM4rUMHYmrr,Ariana Grande,Chloe x Halle,0.354361
128,0lAWpj5szCSwM4rUMHYmrr,Ariana Grande,Anitta,0.348756
129,0lAWpj5szCSwM4rUMHYmrr,Ariana Grande,Halle,0.341530
130,0lAWpj5szCSwM4rUMHYmrr,Ariana Grande,Tinashe,0.338299
131,0lAWpj5szCSwM4rUMHYmrr,Ariana Grande,Justin Bieber,0.330803
132,0lAWpj5szCSwM4rUMHYmrr,Ariana Grande,Kehlani,0.329172
133,0lAWpj5szCSwM4rUMHYmrr,Ariana Grande,Luísa Sonza,0.328461
134,0lAWpj5szCSwM4rUMHYmrr,Ariana Grande,Coco Jones,0.328416
135,0lAWpj5szCSwM4rUMHYmrr,Ariana Grande,Nathan Sykes,0.324881
136,0lAWpj5szCSwM4rUMHYmrr,Ariana Grande,Selena Gomez,0.317426
137,0lAWpj5szCSwM4rUMHYmrr,Ariana Grande,Kali Uchis,0.310173
138,0lAWpj5szCSwM4rUMHYmrr,Ariana Grande,Jhené Aiko,0.305871
139,0lAWpj5szCSwM4rUMHYmrr,Ariana Grande,Taylor Swift,0.302364
140,0lAWpj5szCSwM4rUMHYmrr,Ariana Grande,Melanie Martinez,0.301138
141,0lAWpj5szCSwM4rUMHYmrr,Ariana Grande,Cassie,0.300073
142,0lAWpj5szCSwM4rUMHYmrr,Ariana Grande,Zara Larsson,0.299633
143,0lAWpj5szCSwM4rUMHYmrr,Ariana Grande,Tori Kelly,0.299353
144,0lAWpj5szCSwM4rUMHYmrr,Ariana Grande,Raye,0.298509
145,0lAWpj5szCSwM4rUMHYmrr,Ariana Grande,Zendaya,0.298216
146,0lAWpj5szCSwM4rUMHYmrr,Ariana Grande,Whitney Houston,0.297093
147,0lAWpj5szCSwM4rUMHYmrr,Ariana Grande,Who Is Fancy,0.296181
148,0lAWpj5szCSwM4rUMHYmrr,Ariana Grande,Little Mix,0.294092
149,0lAWpj5szCSwM4rUMHYmrr,Ariana Grande,JoJo,0.281667
150,0lAWpj5szCSwM4rUMHYmrr,Ariana Grande,Lana Del Rey,0.281501
151,0lAWpj5szCSwM4rUMHYmrr,Ariana Grande,Katy Perry,0.277305
152,0lAWpj5szCSwM4rUMHYmrr,Ariana Grande,Ava Max,0.275822
153,0lAWpj5szCSwM4rUMHYmrr,Ariana Grande,Miley Cyrus,0.275319
154,0lAWpj5szCSwM4rUMHYmrr,Ariana Grande,Dove Cameron,0.271163
155,0lAWpj5szCSwM4rUMHYmrr,Ariana Grande,Lady Gaga,0.268648
156,0lAWpj5szCSwM4rUMHYmrr,Ariana Grande,Demi Lovato,0.268367
157,0lAWpj5szCSwM4rUMHYmrr,Ariana Grande,Victoria Justice,0.263203
158,0lAWpj5szCSwM4rUMHYmrr,Ariana Grande,Fergie,0.259011
159,0lAWpj5szCSwM4rUMHYmrr,Ariana Grande,The Pussycat Dolls,0.256663
160,0lAWpj5szCSwM4rUMHYmrr,Ariana Grande,Bruno Mars,0.251476
161,0lAWpj5szCSwM4rUMHYmrr,Ariana Grande,Brandy,0.251274
162,0lAWpj5szCSwM4rUMHYmrr,Ariana Grande,pinkpantheress,0.247192
163,0lAWpj5szCSwM4rUMHYmrr,Ariana Grande,Charli XCX,0.246168
164,0lAWpj5szCSwM4rUMHYmrr,Ariana Grande,Britney Spears,0.242564
165,0lAWpj5szCSwM4rUMHYmrr,Ariana Grande,Kim Petras,0.242080
166,0lAWpj5szCSwM4rUMHYmrr,Ariana Grande,Ciara,0.239435
167,0lAWpj5szCSwM4rUMHYmrr,Ariana Grande,Lauren Jauregui,0.238033
168,0lAWpj5szCSwM4rUMHYmrr,Ariana Grande,Alina Baraz,0.234015
169,0lAWpj5szCSwM4rUMHYmrr,Ariana Grande,Meghan Trainor,0.230661
170,0lAWpj5szCSwM4rUMHYmrr,Ariana Grande,Jade,0.228443
171,0lAWpj5szCSwM4rUMHYmrr,Ariana Grande,Doja Cat & The Weeknd,0.226279
172,0lAWpj5szCSwM4rUMHYmrr,Ariana Grande,Christina Aguilera,0.222404
173,0lAWpj5szCSwM4rUMHYmrr,Ariana Grande,Danna Paola,0.222285
174,0lAWpj5szCSwM4rUMHYmrr,Ariana Grande,Becky G,0.222109
175,0lAWpj5szCSwM4rUMHYmrr,Ariana Grande,Mabel,0.219742
176,0lAWpj5szCSwM4rUMHYmrr,Ariana Grande,Nessa Barrett,0.217504
177,0lAWpj5szCSwM4rUMHYmrr,Ariana Grande,Adele,0.217018
178,0lAWpj5szCSwM4rUMHYmrr,Ariana Grande,The Weeknd,0.216825
179,0lAWpj5szCSwM4rUMHYmrr,Ariana Grande,Rina Sawayama,0.216258
180,0lAWpj5szCSwM4rUMHYmrr,Ariana Grande,Gracie Abrams,0.215154
181,0lAWpj5szCSwM4rUMHYmrr,Ariana Grande,Jordin Sparks,0.214604
182,0lAWpj5szCSwM4rUMHYmrr,Ariana Grande,Lizzo,0.214260
183,0lAWpj5szCSwM4rUMHYmrr,Ariana Grande,Aaliyah,0.210132
184,0lAWpj5szCSwM4rUMHYmrr,Ariana Grande,Hailee Steinfeld,0.209127
185,0lAWpj5szCSwM4rUMHYmrr,Ariana Grande,Selena Gomez & the Scene,0.207886
186,0lAWpj5szCSwM4rUMHYmrr,Ariana Grande,Muni Long,0.206612
187,0lAWpj5szCSwM4rUMHYmrr,Ariana Grande,Jennifer Lopez,0.206137
188,0lAWpj5szCSwM4rUMHYmrr,Ariana Grande,Pia Mia,0.203704
189,0lAWpj5szCSwM4rUMHYmrr,Ariana Grande,Zayn,0.202497
190,0lAWpj5szCSwM4rUMHYmrr,Ariana Grande,Doechii,0.201610
191,0lAWpj5szCSwM4rUMHYmrr,Ariana Grande,Rosalía,0.200987
192,0lAWpj5szCSwM4rUMHYmrr,Ariana Grande,Halsey,0.195002
193,0lAWpj5szCSwM4rUMHYmrr,Ariana Grande,Justin Timberlake,0.194340
194,0lAWpj5szCSwM4rUMHYmrr,Ariana Grande,Keke Palmer,0.194283
195,0lAWpj5szCSwM4rUMHYmrr,Ariana Grande,Jessie J,0.194251
196,0lAWpj5szCSwM4rUMHYmrr,Ariana Grande,Shawn Mendes,0.193375
197,0lAWpj5szCSwM4rUMHYmrr,Ariana Grande,Teyana Taylor,0.190574
198,0lAWpj5szCSwM4rUMHYmrr,Ariana Grande,Charlie Puth,0.188579
199,0lAWpj5szCSwM4rUMHYmrr,Ariana Grande,Kiana Ledé,0.184001
200,0lAWpj5szCSwM4rUMHYmrr,Linkin Park,Mike Shinoda,1
201,0lAWpj5szCSwM4rUMHYmrr,Linkin Park,Dead By Sunrise,0.927263
202,0lAWpj5szCSwM4rUMHYmrr,Linkin Park,Jay-Z and Linkin Park,0.751889
203,0lAWpj5szCSwM4rUMHYmrr,Linkin Park,Dead Sara,0.493634
204,0lAWpj5szCSwM4rUMHYmrr,Linkin Park,Grey Daze,0.446049
205,0lAWpj5szCSwM4rUMHYmrr,Linkin Park,Papa Roach,0.391443
206,0lAWpj5szCSwM4rUMHYmrr,Linkin Park,Three Days Grace,0.361119
207,0lAWpj5szCSwM4rUMHYmrr,Linkin Park,Slipknot,0.341326
208,0lAWpj5szCSwM4rUMHYmrr,Linkin Park,Chester Bennington,0.326597
209,0lAWpj5szCSwM4rUMHYmrr,Linkin Park,Limp Bizkit,0.290324
210,0lAWpj5szCSwM4rUMHYmrr,Linkin Park,Korn,0.281813
211,0lAWpj5szCSwM4rUMHYmrr,Linkin Park,Breaking Benjamin,0.272789
212,0lAWpj5szCSwM4rUMHYmrr,Linkin Park,System of a Down,0.244459
213,0lAWpj5szCSwM4rUMHYmrr,Linkin Park,P.O.D.,0.233019
214,0lAWpj5szCSwM4rUMHYmrr,Linkin Park,Deftones,0.215813
215,0lAWpj5szCSwM4rUMHYmrr,Linkin Park,Staind,0.215111
216,0lAWpj5szCSwM4rUMHYmrr,Linkin Park,Disturbed,0.214841
217,0lAWpj5szCSwM4rUMHYmrr,Linkin Park,Skillet,0.201919
218,0lAWpj5szCSwM4rUMHYmrr,Linkin Park,Evanescence,0.191052
219,0lAWpj5szCSwM4rUMHYmrr,Linkin Park,Adema,0.187138
220,0lAWpj5szCSwM4rUMHYmrr,Linkin Park,Saliva,0.180757
221,0lAWpj5szCSwM4rUMHYmrr,Linkin Park,Thousand Foot Krutch,0.180194
222,0lAWpj5szCSwM4rUMHYmrr,Linkin Park,30 Seconds to Mars,0.178630
223,0lAWpj5szCSwM4rUMHYmrr,Linkin Park,Drowning Pool,0.177928
224,0lAWpj5szCSwM4rUMHYmrr,Linkin Park,Poppy,0.175845
225,0lAWpj5szCSwM4rUMHYmrr,Linkin Park,Rage Against the Machine,0.175749
226,0lAWpj5szCSwM4rUMHYmrr,Linkin Park,Twenty One Pilots,0.172004
227,0lAWpj5szCSwM4rUMHYmrr,Linkin Park,Seether,0.170403
228,0lAWpj5szCSwM4rUMHYmrr,Linkin Park,TRUSTcompany,0.167564
229,0lAWpj5szCSwM4rUMHYmrr,Linkin Park,Hoobastank,0.164137
230,0lAWpj5szCSwM4rUMHYmrr,Linkin Park,Mudvayne,0.162924
231,0lAWpj5szCSwM4rUMHYmrr,Linkin Park,Crazy Town,0.161771
232,0lAWpj5szCSwM4rUMHYmrr,Linkin Park,Shinedown,0.160172
233,0lAWpj5szCSwM4rUMHYmrr,Linkin Park,Stone Sour,0.158857
234,0lAWpj5szCSwM4rUMHYmrr,Linkin Park,Godsmack,0.155094
235,0lAWpj5szCSwM4rUMHYmrr,Linkin Park,The Offspring,0.150086
236,0lAWpj5szCSwM4rUMHYmrr,Linkin Park,Trapt,0.147891
237,0lAWpj5szCSwM4rUMHYmrr,Linkin Park,Taproot,0.147599
238,0lAWpj5szCSwM4rUMHYmrr,Linkin Park,Crossfade,0.146857
239,0lAWpj5szCSwM4rUMHYmrr,Linkin Park,Starset,0.143787
240,0lAWpj5szCSwM4rUMHYmrr,Linkin Park,Paramore,0.138632
241,0lAWpj5szCSwM4rUMHYmrr,Linkin Park,Sick Puppies,0.137856
242,0lAWpj5szCSwM4rUMHYmrr,Linkin Park,Green Day,0.135691
243,0lAWpj5szCSwM4rUMHYmrr,Linkin Park,Audioslave,0.135660
244,0lAWpj5szCSwM4rUMHYmrr,Linkin Park,Nickelback,0.135261
245,0lAWpj5szCSwM4rUMHYmrr,Linkin Park,Muse,0.134039
246,0lAWpj5szCSwM4rUMHYmrr,Linkin Park,Corey Taylor,0.133472
247,0lAWpj5szCSwM4rUMHYmrr,Linkin Park,Story of the Year,0.131107
248,0lAWpj5szCSwM4rUMHYmrr,Linkin Park,Xero,0.130805
249,0lAWpj5szCSwM4rUMHYmrr,Linkin Park,Ill Niño,0.130092
250,0lAWpj5szCSwM4rUMHYmrr,Linkin Park,Lostprophets,0.129568
251,0lAWpj5szCSwM4rUMHYmrr,Linkin Park,Nothing More,0.127237
252,0lAWpj5szCSwM4rUMHYmrr,Linkin Park,Good Charlotte,0.122815
253,0lAWpj5szCSwM4rUMHYmrr,Linkin Park,3 Doors Down,0.122349
254,0lAWpj5szCSwM4rUMHYmrr,Linkin Park,Nonpoint,0.121678
255,0lAWpj5szCSwM4rUMHYmrr,Linkin Park,Yellowcard,0.121373
256,0lAWpj5szCSwM4rUMHYmrr,Linkin Park,Jonathan Davis,0.119850
257,0lAWpj5szCSwM4rUMHYmrr,Linkin Park,Serj Tankian,0.119562
258,0lAWpj5szCSwM4rUMHYmrr,Linkin Park,Red Hot Chili Peppers,0.118612
259,0lAWpj5szCSwM4rUMHYmrr,Linkin Park,Fever 333,0.117455
260,0lAWpj5szCSwM4rUMHYmrr,Linkin Park,Incubus,0.117035
261,0lAWpj5szCSwM4rUMHYmrr,Linkin Park,Billy Talent,0.115971
262,0lAWpj5szCSwM4rUMHYmrr,Linkin Park,Imagine Dragons,0.115297
263,0lAWpj5szCSwM4rUMHYmrr,Linkin Park,From Ashes to New,0.115272
264,0lAWpj5szCSwM4rUMHYmrr,Linkin Park,Static-X,0.114193
265,0lAWpj5szCSwM4rUMHYmrr,Linkin Park,Chevelle,0.113188
266,0lAWpj5szCSwM4rUMHYmrr,Linkin Park,Red,0.112663
267,0lAWpj5szCSwM4rUMHYmrr,Linkin Park,Foo Fighters,0.112450
268,0lAWpj5szCSwM4rUMHYmrr,Linkin Park,Alter Bridge,0.111740
269,0lAWpj5szCSwM4rUMHYmrr,Linkin Park,Flaw,0.110965
270,0lAWpj5szCSwM4rUMHYmrr,Linkin Park,Element Eighty,0.110721
271,0lAWpj5szCSwM4rUMHYmrr,Linkin Park,Finger Eleven,0.110393
272,0lAWpj5szCSwM4rUMHYmrr,Linkin Park,Saint Asonia,0.109651
273,0lAWpj5szCSwM4rUMHYmrr,Linkin Park,A Perfect Circle,0.108977
274,0lAWpj5szCSwM4rUMHYmrr,Linkin Park,Creed,0.108123
275,0lAWpj5szCSwM4rUMHYmrr,Linkin Park,Guano Apes,0.106205
276,0lAWpj5szCSwM4rUMHYmrr,Linkin Park,10 Years,0.104570
277,0lAWpj5szCSwM4rUMHYmrr,Linkin Park,Cold,0.104413
278,0lAWpj5szCSwM4rUMHYmrr,Linkin Park,Coldplay,0.103828
279,0lAWpj5szCSwM4rUMHYmrr,Linkin Park,The Rasmus,0.103795
280,0lAWpj5szCSwM4rUMHYmrr,Linkin Park,12 Stones,0.103502
281,0lAWpj5szCSwM4rUMHYmrr,Linkin Park,The Calling,0.103064
282,0lAWpj5szCSwM4rUMHYmrr,Linkin Park,Sevendust,0.100981
283,0lAWpj5szCSwM4rUMHYmrr,Linkin Park,My Chemical Romance,0.100764
284,0lAWpj5szCSwM4rUMHYmrr,Linkin Park,Alice in Chains,0.099397
285,0lAWpj5szCSwM4rUMHYmrr,Linkin Park,Puddle of Mudd,0.097993
286,0lAWpj5szCSwM4rUMHYmrr,Linkin Park,Coal Chamber,0.097338
287,0lAWpj5szCSwM4rUMHYmrr,Linkin Park,Daughtry,0.097121
288,0lAWpj5szCSwM4rUMHYmrr,Linkin Park,Alien Ant Farm,0.096946
289,0lAWpj5szCSwM4rUMHYmrr,Linkin Park,Nirvana,0.094581
290,0lAWpj5szCSwM4rUMHYmrr,Linkin Park,Soil,0.093363
291,0lAWpj5szCSwM4rUMHYmrr,Linkin Park,Flyleaf,0.093105
292,0lAWpj5szCSwM4rUMHYmrr,Linkin Park,Snot,0.092179
293,0lAWpj5szCSwM4rUMHYmrr,Linkin Park,Halestorm,0.091349
294,0lAWpj5szCSwM4rUMHYmrr,Linkin Park,OneRepublic,0.091243
295,0lAWpj5szCSwM4rUMHYmrr,Linkin Park,Marilyn Manson,0.090205
296,0lAWpj5szCSwM4rUMHYmrr,Linkin Park,Rev Theory,0.090017
297,0lAWpj5szCSwM4rUMHYmrr,Linkin Park,Chad Kroeger,0.089677
298,0lAWpj5szCSwM4rUMHYmrr,Linkin Park,Dope,0.088555
299,0lAWpj5szCSwM4rUMHYmrr,Linkin Park,The Pretty Reckless,0.088434
300,0lAWpj5szCSwM4rUMHYmrr,Amelie lens,Charlotte de Witte,1
301,0lAWpj5szCSwM4rUMHYmrr,Amelie lens,Farrago,0.790315
302,0lAWpj5szCSwM4rUMHYmrr,Amelie lens,AIROD,0.671420
303,0lAWpj5szCSwM4rUMHYmrr,Amelie lens,Deborah De Luca,0.665197
304,0lAWpj5szCSwM4rUMHYmrr,Amelie lens,Lilly Palmer,0.642370
305,0lAWpj5szCSwM4rUMHYmrr,Amelie lens,Space 92,0.638578
306,0lAWpj5szCSwM4rUMHYmrr,Amelie lens,Joyhauser,0.611441
307,0lAWpj5szCSwM4rUMHYmrr,Amelie lens,Enrico Sangiuliano,0.482140
308,0lAWpj5szCSwM4rUMHYmrr,Amelie lens,Adam Beyer,0.459009
309,0lAWpj5szCSwM4rUMHYmrr,Amelie lens,Layton Giordani,0.441846
310,0lAWpj5szCSwM4rUMHYmrr,Amelie lens,Thomas Schumacher,0.422803
311,0lAWpj5szCSwM4rUMHYmrr,Amelie lens,Under Black Helmet,0.390763
312,0lAWpj5szCSwM4rUMHYmrr,Amelie lens,Eli Brown,0.383616
313,0lAWpj5szCSwM4rUMHYmrr,Amelie lens,Sam Paganini,0.369520
314,0lAWpj5szCSwM4rUMHYmrr,Amelie lens,Teenage Mutants,0.368774
315,0lAWpj5szCSwM4rUMHYmrr,Amelie lens,UMEK,0.363027
316,0lAWpj5szCSwM4rUMHYmrr,Amelie lens,Reinier Zonneveld,0.357300
317,0lAWpj5szCSwM4rUMHYmrr,Amelie lens,Alignment,0.349657
318,0lAWpj5szCSwM4rUMHYmrr,Amelie lens,Marie Vaunt,0.348913
319,0lAWpj5szCSwM4rUMHYmrr,Amelie lens,T78,0.332492
320,0lAWpj5szCSwM4rUMHYmrr,Amelie lens,Spartaque,0.323037
321,0lAWpj5szCSwM4rUMHYmrr,Amelie lens,Spektre,0.318062
322,0lAWpj5szCSwM4rUMHYmrr,Amelie lens,Regal,0.309877
323,0lAWpj5szCSwM4rUMHYmrr,Amelie lens,Mha Iri,0.301460
324,0lAWpj5szCSwM4rUMHYmrr,Amelie lens,Trym,0.300426
325,0lAWpj5szCSwM4rUMHYmrr,Amelie lens,Indira Paganotto,0.300056
326,0lAWpj5szCSwM4rUMHYmrr,Amelie lens,Sara Landry,0.278280
327,0lAWpj5szCSwM4rUMHYmrr,Amelie lens,Hi-Lo,0.277620
328,0lAWpj5szCSwM4rUMHYmrr,Amelie lens,Klangkuenstler,0.277261
329,0lAWpj5szCSwM4rUMHYmrr,Amelie lens,BOSTON 168,0.275363
330,0lAWpj5szCSwM4rUMHYmrr,Amelie lens,anetha,0.275240
331,0lAWpj5szCSwM4rUMHYmrr,Amelie lens,Kobosil,0.273976
332,0lAWpj5szCSwM4rUMHYmrr,Amelie lens,The Rocketman,0.269816
333,0lAWpj5szCSwM4rUMHYmrr,Amelie lens,Anfisa Letyago,0.265012
334,0lAWpj5szCSwM4rUMHYmrr,Amelie lens,I Hate Models,0.257418
335,0lAWpj5szCSwM4rUMHYmrr,Amelie lens,999999999,0.257009
336,0lAWpj5szCSwM4rUMHYmrr,Amelie lens,AKKI (DE),0.254856
337,0lAWpj5szCSwM4rUMHYmrr,Amelie lens,Bart Skils,0.250015
338,0lAWpj5szCSwM4rUMHYmrr,Amelie lens,Cosmic Boys,0.249139
339,0lAWpj5szCSwM4rUMHYmrr,Amelie lens,Belocca,0.248478
340,0lAWpj5szCSwM4rUMHYmrr,Amelie lens,Alex Stein,0.247383
341,0lAWpj5szCSwM4rUMHYmrr,Amelie lens,Victor Ruiz,0.246181
342,0lAWpj5szCSwM4rUMHYmrr,Amelie lens,The Age of Love,0.236932
343,0lAWpj5szCSwM4rUMHYmrr,Amelie lens,Fjaak,0.230765
344,0lAWpj5szCSwM4rUMHYmrr,Amelie lens,Frankyeffe,0.230551
345,0lAWpj5szCSwM4rUMHYmrr,Amelie lens,Pan-Pot,0.229496
346,0lAWpj5szCSwM4rUMHYmrr,Amelie lens,ROBPM,0.225432
347,0lAWpj5szCSwM4rUMHYmrr,Amelie lens,Mark Reeve,0.224850
348,0lAWpj5szCSwM4rUMHYmrr,Amelie lens,Maddix,0.224806
349,0lAWpj5szCSwM4rUMHYmrr,Amelie lens,Wehbba,0.223381
350,0lAWpj5szCSwM4rUMHYmrr,Amelie lens,Mark Dekoda,0.208075
351,0lAWpj5szCSwM4rUMHYmrr,Amelie lens,Keith Carnal,0.206890
352,0lAWpj5szCSwM4rUMHYmrr,Amelie lens,Krl Mx,0.203990
353,0lAWpj5szCSwM4rUMHYmrr,Amelie lens,Dax J,0.198968
354,0lAWpj5szCSwM4rUMHYmrr,Amelie lens,Metodi Hristov,0.198569
355,0lAWpj5szCSwM4rUMHYmrr,Amelie lens,Mathame,0.198296
356,0lAWpj5szCSwM4rUMHYmrr,Amelie lens,Nico Moreno,0.197572
357,0lAWpj5szCSwM4rUMHYmrr,Amelie lens,Alan Fitzpatrick,0.195161
358,0lAWpj5szCSwM4rUMHYmrr,Amelie lens,Stan Christ,0.188953
359,0lAWpj5szCSwM4rUMHYmrr,Amelie lens,Kölsch,0.185133
360,0lAWpj5szCSwM4rUMHYmrr,Amelie lens,Monika Kruse,0.185041
361,0lAWpj5szCSwM4rUMHYmrr,Amelie lens,Basswell,0.178594
362,0lAWpj5szCSwM4rUMHYmrr,Amelie lens,FOVOS,0.177549
363,0lAWpj5szCSwM4rUMHYmrr,Amelie lens,Dusty Kid,0.175566
364,0lAWpj5szCSwM4rUMHYmrr,Amelie lens,Boris Brejcha,0.173259
365,0lAWpj5szCSwM4rUMHYmrr,Amelie lens,Deniz Bul,0.173106
366,0lAWpj5szCSwM4rUMHYmrr,Amelie lens,Charlie Sparks (UK),0.163352
367,0lAWpj5szCSwM4rUMHYmrr,Amelie lens,Rikhter,0.161180
368,0lAWpj5szCSwM4rUMHYmrr,Amelie lens,Len Faki,0.159226
369,0lAWpj5szCSwM4rUMHYmrr,Amelie lens,ARTBAT,0.157950
370,0lAWpj5szCSwM4rUMHYmrr,Amelie lens,Rebūke,0.155592
371,0lAWpj5szCSwM4rUMHYmrr,Amelie lens,Ben Klock,0.155391
372,0lAWpj5szCSwM4rUMHYmrr,Amelie lens,Mossano,0.154816
373,0lAWpj5szCSwM4rUMHYmrr,Amelie lens,Schrotthagen,0.150712
374,0lAWpj5szCSwM4rUMHYmrr,Amelie lens,Nina Kraviz,0.150128
375,0lAWpj5szCSwM4rUMHYmrr,Amelie lens,Karashnikov,0.150015
376,0lAWpj5szCSwM4rUMHYmrr,Amelie lens,Agents Of Time,0.146236
377,0lAWpj5szCSwM4rUMHYmrr,Amelie lens,Kevin De Vries,0.145149
378,0lAWpj5szCSwM4rUMHYmrr,Amelie lens,Stella Bossi,0.142950
379,0lAWpj5szCSwM4rUMHYmrr,Amelie lens,Oliver Huntemann,0.140820
380,0lAWpj5szCSwM4rUMHYmrr,Amelie lens,In Verruf,0.140558
381,0lAWpj5szCSwM4rUMHYmrr,Amelie lens,Nur Jaber,0.140186
382,0lAWpj5szCSwM4rUMHYmrr,Amelie lens,Shlømo,0.136912
383,0lAWpj5szCSwM4rUMHYmrr,Amelie lens,Rebekah,0.135170
384,0lAWpj5szCSwM4rUMHYmrr,Amelie lens,Julian Jeweil,0.134957
385,0lAWpj5szCSwM4rUMHYmrr,Amelie lens,DJ Gigola,0.132413
386,0lAWpj5szCSwM4rUMHYmrr,Amelie lens,Ellen Allien,0.131939
387,0lAWpj5szCSwM4rUMHYmrr,Amelie lens,Hozho,0.130313
388,0lAWpj5szCSwM4rUMHYmrr,Amelie lens,Juliet Fox,0.129818
389,0lAWpj5szCSwM4rUMHYmrr,Amelie lens,Anyma,0.129702
390,0lAWpj5szCSwM4rUMHYmrr,Amelie lens,Joris Voorn,0.129540
391,0lAWpj5szCSwM4rUMHYmrr,Amelie lens,Recondite,0.129276
392,0lAWpj5szCSwM4rUMHYmrr,Amelie lens,Ann Clue,0.128592
393,0lAWpj5szCSwM4rUMHYmrr,Amelie lens,Oxia,0.125161
394,0lAWpj5szCSwM4rUMHYmrr,Amelie lens,Carl Cox,0.123377
395,0lAWpj5szCSwM4rUMHYmrr,Amelie lens,Jacidorex,0.122986
396,0lAWpj5szCSwM4rUMHYmrr,Amelie lens,MOTVS,0.122379
397,0lAWpj5szCSwM4rUMHYmrr,Amelie lens,VIPER DIVA,0.119632
398,0lAWpj5szCSwM4rUMHYmrr,Amelie lens,Stephan Bodzin,0.119314
399,0lAWpj5szCSwM4rUMHYmrr,Amelie lens,Mind Against,0.119012
400,0lAWpj5szCSwM4rUMHYmrr,Maneskin,The Kolors,1
401,0lAWpj5szCSwM4rUMHYmrr,Maneskin,Peppino Gagliardi,0.870572
402,0lAWpj5szCSwM4rUMHYmrr,Maneskin,エド・シーラン,0.398436
403,0lAWpj5szCSwM4rUMHYmrr,Maneskin,ビリー・アイリッシュ,0.329262
404,0lAWpj5szCSwM4rUMHYmrr,Maneskin,オアシス,0.328345
405,0lAWpj5szCSwM4rUMHYmrr,Maneskin,ウィーザー,0.301988
406,0lAWpj5szCSwM4rUMHYmrr,Maneskin,ルイス・キャパルディ,0.297302
407,0lAWpj5szCSwM4rUMHYmrr,Maneskin,羊文学,0.292382
408,0lAWpj5szCSwM4rUMHYmrr,Maneskin,Thee Michelle Gun Elephant,0.270311
409,0lAWpj5szCSwM4rUMHYmrr,Maneskin,ニルヴァーナ,0.243392
410,0lAWpj5szCSwM4rUMHYmrr,Maneskin,オリヴィア・ロドリゴ,0.237097
411,0lAWpj5szCSwM4rUMHYmrr,Maneskin,カネコアヤノ,0.228133
412,0lAWpj5szCSwM4rUMHYmrr,Maneskin,tempalay,0.215223
413,0lAWpj5szCSwM4rUMHYmrr,Maneskin,ずっと真夜中でいいのに。,0.203904
414,0lAWpj5szCSwM4rUMHYmrr,Maneskin,レッド・ホット・チリ・ペッパーズ,0.201850
415,0lAWpj5szCSwM4rUMHYmrr,Maneskin,andymori,0.191408
416,0lAWpj5szCSwM4rUMHYmrr,Maneskin,SUPER BEAVER,0.189880
417,0lAWpj5szCSwM4rUMHYmrr,Maneskin,マカロニえんぴつ,0.187349
418,0lAWpj5szCSwM4rUMHYmrr,Maneskin,ヤングブラッド,0.182710
419,0lAWpj5szCSwM4rUMHYmrr,Maneskin,サカナクション,0.180396
420,0lAWpj5szCSwM4rUMHYmrr,Maneskin,The Birthday,0.177115
421,0lAWpj5szCSwM4rUMHYmrr,Maneskin,あいみょん,0.174453
422,0lAWpj5szCSwM4rUMHYmrr,Maneskin,テイラー・スウィフト,0.171738
423,0lAWpj5szCSwM4rUMHYmrr,Maneskin,King Gnu,0.170794
424,0lAWpj5szCSwM4rUMHYmrr,Maneskin,藤井 風,0.168062
425,0lAWpj5szCSwM4rUMHYmrr,Maneskin,リーガルリリー,0.161828
426,0lAWpj5szCSwM4rUMHYmrr,Maneskin,リル・ヨッティー,0.150882
427,0lAWpj5szCSwM4rUMHYmrr,Maneskin,くるり,0.150597
428,0lAWpj5szCSwM4rUMHYmrr,Maneskin,ウルフルズ,0.148228
429,0lAWpj5szCSwM4rUMHYmrr,Maneskin,スピッツ,0.145255
430,0lAWpj5szCSwM4rUMHYmrr,Maneskin,フジファブリック,0.142894
431,0lAWpj5szCSwM4rUMHYmrr,Maneskin,ケミカル・ブラザーズ,0.138990
432,0lAWpj5szCSwM4rUMHYmrr,Maneskin,Vaundy,0.137200
433,0lAWpj5szCSwM4rUMHYmrr,Maneskin,Hi-Standard,0.132880
434,0lAWpj5szCSwM4rUMHYmrr,Maneskin,コールドプレイ,0.130390
435,0lAWpj5szCSwM4rUMHYmrr,Maneskin,キタニタツヤ,0.130149
436,0lAWpj5szCSwM4rUMHYmrr,Maneskin,UNISON SQUARE GARDEN,0.120209
437,0lAWpj5szCSwM4rUMHYmrr,Maneskin,ELLEGARDEN,0.119399
438,0lAWpj5szCSwM4rUMHYmrr,Maneskin,10-FEET,0.117469
439,0lAWpj5szCSwM4rUMHYmrr,Maneskin,Awich,0.115184
440,0lAWpj5szCSwM4rUMHYmrr,Maneskin,新しい学校のリーダーズ,0.114132
441,0lAWpj5szCSwM4rUMHYmrr,Maneskin,ケンドリック・ラマー,0.112572
442,0lAWpj5szCSwM4rUMHYmrr,Maneskin,ZAZEN BOYS,0.111626
443,0lAWpj5szCSwM4rUMHYmrr,Maneskin,BE:FIRST,0.106421
444,0lAWpj5szCSwM4rUMHYmrr,Maneskin,Måneskin,0.104234
445,0lAWpj5szCSwM4rUMHYmrr,Maneskin,エレファントカシマシ,0.100256
446,0lAWpj5szCSwM4rUMHYmrr,Maneskin,ミーガン・ジー・スタリオン,0.099864
447,0lAWpj5szCSwM4rUMHYmrr,Maneskin,WurtS,0.099727
448,0lAWpj5szCSwM4rUMHYmrr,Maneskin,マック・デマルコ,0.099525
449,0lAWpj5szCSwM4rUMHYmrr,Maneskin,Official髭男dism,0.099171
450,0lAWpj5szCSwM4rUMHYmrr,Maneskin,アリアナ・グランデ,0.099111
451,0lAWpj5szCSwM4rUMHYmrr,Maneskin,ザ・ローリング・ストーンズ,0.094706
452,0lAWpj5szCSwM4rUMHYmrr,Maneskin,サザンオールスターズ,0.093063
453,0lAWpj5szCSwM4rUMHYmrr,Maneskin,ボン・ジョヴィ,0.092431
454,0lAWpj5szCSwM4rUMHYmrr,Maneskin,[Alexandros],0.091086
455,0lAWpj5szCSwM4rUMHYmrr,Maneskin,斉藤和義,0.090570
456,0lAWpj5szCSwM4rUMHYmrr,Maneskin,Mrs. GREEN APPLE,0.090500
457,0lAWpj5szCSwM4rUMHYmrr,Maneskin,星野源,0.088716
458,0lAWpj5szCSwM4rUMHYmrr,Maneskin,コナン・グレイ,0.087978
459,0lAWpj5szCSwM4rUMHYmrr,Maneskin,ザ・ラスト・ディナー・パーティー,0.087686
460,0lAWpj5szCSwM4rUMHYmrr,Maneskin,Bianca Atzei,0.086081
461,0lAWpj5szCSwM4rUMHYmrr,Maneskin,ポルノグラフィティ,0.086014
462,0lAWpj5szCSwM4rUMHYmrr,Maneskin,Jo1,0.085635
463,0lAWpj5szCSwM4rUMHYmrr,Maneskin,PEOPLE 1,0.085522
464,0lAWpj5szCSwM4rUMHYmrr,Maneskin,Galileo Galilei,0.083998
465,0lAWpj5szCSwM4rUMHYmrr,Maneskin,ユン・ミレ & BIBI,0.082659
466,0lAWpj5szCSwM4rUMHYmrr,Maneskin,ちゃんみな,0.082128
467,0lAWpj5szCSwM4rUMHYmrr,Maneskin,ROSSO,0.081761
468,0lAWpj5szCSwM4rUMHYmrr,Maneskin,マルーン5,0.081726
469,0lAWpj5szCSwM4rUMHYmrr,Maneskin,フー・ファイターズ,0.081712
470,0lAWpj5szCSwM4rUMHYmrr,Maneskin,七尾旅人,0.081682
471,0lAWpj5szCSwM4rUMHYmrr,Maneskin,柴田聡子,0.080945
472,0lAWpj5szCSwM4rUMHYmrr,Maneskin,Gianni Fiorellino,0.079861
473,0lAWpj5szCSwM4rUMHYmrr,Maneskin,銀杏BOYZ,0.079670
474,0lAWpj5szCSwM4rUMHYmrr,Maneskin,きのこ帝国,0.079472
475,0lAWpj5szCSwM4rUMHYmrr,Maneskin,The Yellow Monkey,0.077061
476,0lAWpj5szCSwM4rUMHYmrr,Maneskin,Mohsen Namjoo,0.076297
477,0lAWpj5szCSwM4rUMHYmrr,Maneskin,GLIM SPANKY,0.075817
478,0lAWpj5szCSwM4rUMHYmrr,Maneskin,緑黄色社会,0.075678
479,0lAWpj5szCSwM4rUMHYmrr,Maneskin,米津玄師,0.075210
480,0lAWpj5szCSwM4rUMHYmrr,Maneskin,Pink,0.074639
481,0lAWpj5szCSwM4rUMHYmrr,Maneskin,back number,0.074599
482,0lAWpj5szCSwM4rUMHYmrr,Maneskin,稲葉浩志,0.074168
483,0lAWpj5szCSwM4rUMHYmrr,Maneskin,B'z,0.074122
484,0lAWpj5szCSwM4rUMHYmrr,Maneskin,Chilli Beans.,0.073902
485,0lAWpj5szCSwM4rUMHYmrr,Maneskin,ビーバドゥービー,0.073750
486,0lAWpj5szCSwM4rUMHYmrr,Maneskin,Maninni,0.073620
487,0lAWpj5szCSwM4rUMHYmrr,Maneskin,Syrup16g,0.072432
488,0lAWpj5szCSwM4rUMHYmrr,Maneskin,奥田民生,0.071721
489,0lAWpj5szCSwM4rUMHYmrr,Maneskin,Cosimo Morleo,0.071528
490,0lAWpj5szCSwM4rUMHYmrr,Maneskin,Ze Hop,0.071528
491,0lAWpj5szCSwM4rUMHYmrr,Maneskin,La ragazza dello Sputnik,0.071528
492,0lAWpj5szCSwM4rUMHYmrr,Maneskin,Alessandro Pitoni,0.071528
493,0lAWpj5szCSwM4rUMHYmrr,Maneskin,Alessia Gerardi,0.071528
494,0lAWpj5szCSwM4rUMHYmrr,Maneskin,Mario Migliarese,0.071528
495,0lAWpj5szCSwM4rUMHYmrr,Maneskin,Marco Notari,0.071528
496,0lAWpj5szCSwM4rUMHYmrr,Maneskin,M. Chiara Bizzetti,0.071528
497,0lAWpj5szCSwM4rUMHYmrr,Maneskin,Inioranti,0.071528
498,0lAWpj5szCSwM4rUMHYmrr,Maneskin,Martina Vinci,0.071528
